Producer,941,125
Producer,70,208
Producer,326,125
Producer,282,83
Producer,354,41
Consumer,560,84
Consumer,501,125
Consumer,463,42
Consumer,126,84
Consumer,38,42
Consumer,47,41
Consumer,214,41
Producer,993,363250
Producer,568,331542
Consumer,329,158334
Consumer,975,150916
Producer,947,421000
Producer,421,445542
Consumer,523,161000
Producer,698,470375
Producer,930,83
Producer,7802,84
Producer,5215,125
Producer,3022,42
Producer,1325,125
Producer,687,41
Producer,146,42
Producer,186,84
Consumer,6479,42
Consumer,1010,41
Consumer,9034,84
Producer,5280,2069459
Consumer,3636,84
Consumer,2386,42
Consumer,1265,41
Producer,6536,2130333
Producer,5915,2093708
Consumer,5838,84
Consumer,4455,41
Producer,3338,2112916
Producer,4808,2124584
Consumer,7197,83
Producer,7058,2139916
Consumer,4996,42
Producer,4923,2168667
Consumer,6038,42
Consumer,3131,84
Producer,8100,2207208
Consumer,5223,248959
Consumer,4487,42
Producer,2210,2230500
Producer,9957,2224417
Consumer,5056,42
Consumer,6653,195875
Producer,8413,2268834
Producer,7118,2263666
Consumer,7112,447375
Producer,4220,2291708
Producer,4013,2296500
Consumer,9650,478625
Producer,7906,2315834
Consumer,9163,441333
Producer,9160,2332000
Producer,2250,2294125
Consumer,9961,402666
Consumer,5793,83
Consumer,841,41
Producer,6022,2350625
Producer,2935,2399000
Consumer,9048,42
Producer,3441,2412416
Producer,3743,2411709
Consumer,1198,42
Producer,6510,2444250
Consumer,4439,42
Producer,2765,2462709
Consumer,7354,42
Producer,4361,2562709
Producer,1956,2599959
Consumer,2914,83
Consumer,5442,152708
Producer,2219,2709750
Producer,2228,2712458
Consumer,3588,42
Producer,3378,2997042
Consumer,5893,83
Producer,6983,3056333
Consumer,5630,41
Producer,7145,3107083
Consumer,8918,500250
Producer,7567,3133541
Consumer,1708,84
Consumer,4893,42
Producer,6395,3195166
Producer,3353,3199084
Consumer,8850,989833
Producer,6780,3242375
Consumer,6982,490542
Producer,9502,3263417
Consumer,1728,41
Consumer,8035,42
Producer,7040,3361959
Consumer,8427,84
Producer,4197,3392084
Producer,7515,3402416
Consumer,1149,626917
Consumer,8069,1212583
Producer,8908,3427166
Producer,4764,3434416
Consumer,9183,581791
Consumer,540,333
Consumer,5870,83
Producer,7942,3563083
Consumer,3819,250
Producer,7526,3693625
Consumer,5626,42
Producer,8311,3721583
Consumer,9435,83
Consumer,4581,866375
Producer,7702,3781625
Consumer,5801,41
Producer,894,3842334
Producer,7617,3867083
Producer,5440,3868833
Consumer,8009,1409417
Producer,8611,3883459
Consumer,24,42
Consumer,2439,846666
Consumer,769,84
Consumer,6866,865833
Consumer,4718,854834
Consumer,308,83
Producer,2287,4058584
Producer,6856,4081208
Producer,7252,4079583
Consumer,1733,41
Consumer,7315,42
Producer,1163,4104917
Producer,8753,4077292
Consumer,5739,42
Consumer,8042,1939625
Consumer,5670,694042
Producer,4726,5605000
Producer,1457,5614791
Consumer,6370,2253667
Producer,2521,5675792
Producer,5190,5675750
Consumer,2343,83
Producer,8242,5698833
Consumer,4897,2251834
Consumer,7644,3165500
Producer,1316,5815000
Producer,3039,5889000
Consumer,3180,2152833
Producer,3962,5915917
Consumer,6094,209
Producer,1169,5901375
Consumer,293,125
Producer,2978,5994042
Producer,3325,6000292
Producer,2972,6017667
Consumer,1644,84
Consumer,8566,2844666
Producer,1982,6049750
Producer,5533,6057916
Consumer,4307,42
Consumer,3379,0
Producer,4489,6103708
Producer,9099,6112125
Consumer,9266,4486208
Consumer,2211,500
Producer,5294,6208250
Producer,9568,6243708
Consumer,3763,448542
Consumer,8053,1051709
Producer,5380,6326333
Producer,5291,6345833
Consumer,9171,514583
Producer,4771,6366209
Consumer,8376,546541
Consumer,55,83
Producer,4392,6381292
Producer,9708,6395250
Consumer,5485,83
Consumer,4091,83
Consumer,5272,3251750
Producer,737,6435417
Producer,6491,6431125
Consumer,2324,42
Producer,8225,6489958
Consumer,8140,730417
Producer,7420,6605791
Consumer,3664,1014667
Producer,5686,6640542
Consumer,5405,824000
Producer,4015,6667125
Consumer,3678,1689584
Producer,6644,6707209
Consumer,7597,3914125
Producer,8742,6725958
Consumer,9734,1651500
Producer,7771,6721917
Consumer,9976,425000
Producer,8569,6737792
Consumer,9952,430791
Producer,6230,6744417
Consumer,9136,6174333
Producer,3438,6768291
Consumer,1716,42
Producer,1612,6773958
Producer,5937,8362166
Consumer,4948,42
Consumer,6069,70375
Consumer,514,41
Producer,9800,7641459
Consumer,8780,41
Producer,4284,7671750
Producer,62032,916
Producer,23418,375
Producer,2147,125
Producer,86645,333
Producer,19308,333
Producer,4140,125
Producer,49,125
Producer,1487,83
Producer,586,250
Producer,169,42
Consumer,3205,166
Consumer,57170,209
Consumer,68164,167
Consumer,66249,125
Producer,52766,41617541
Consumer,940,83
Producer,96349,41718500
Consumer,9382,125
Consumer,60908,125
Producer,31937,41769292
Producer,57244,41754208
Consumer,83095,303834
Producer,28234,41803292
Producer,48084,41809667
Producer,32457,41849875
Consumer,50064,83
Consumer,73714,42
Producer,49548,41920750
Consumer,45868,83
Producer,41254,41935333
Consumer,95786,166
Producer,17590,41939958
Consumer,21062,41
Producer,20021,42156000
Consumer,10452,0
Producer,96383,42240583
Consumer,98204,84
Producer,71626,42340333
Consumer,47684,485708
Producer,10808,42389875
Consumer,14104,42
Producer,59486,42421750
Consumer,84485,749333
Producer,10313,42443000
Consumer,14213,84
Producer,59513,42543708
Consumer,42539,495083
Producer,87477,42602750
Consumer,43111,84
Consumer,53813,1003916
Consumer,25260,167
Producer,66591,42636791
Producer,6702,42545792
Consumer,52693,83
Producer,48905,42563916
Consumer,69267,83
Producer,8349,42652709
Producer,35171,42665333
Consumer,41442,42
Producer,53660,43181875
Consumer,27149,41
Producer,30124,43405875
Consumer,59535,83
Producer,6024,43515125
Consumer,1011,84
Producer,42631,43674500
Consumer,48335,84
Producer,56102,43708500
Consumer,1268,84
Producer,95896,43736125
Consumer,97898,83
Producer,5173,43774583
Consumer,41814,83
Producer,49765,43917959
Consumer,56229,42
Producer,26641,44030291
Consumer,12983,41
Consumer,11988,0
Producer,20975,44192583
Producer,90235,44218125
Consumer,62742,3178166
Consumer,40879,910583
Producer,17661,44256834
Producer,43454,44254625
Consumer,3920,83
Consumer,76326,42
Producer,34393,44353167
Consumer,27695,41
Producer,44525,44375250
Producer,78289,44393000
Consumer,76146,984042
Consumer,17884,84
Producer,57582,44407375
Consumer,44073,83
Producer,5856,44428333
Producer,88799,44414625
Consumer,77797,751375
Consumer,52103,721583
Producer,54634,44426750
Producer,29520,44433125
Consumer,65148,3388334
Producer,9581,44453167
Consumer,42187,83
Producer,4473,44703750
Consumer,2387,84
Producer,77494,45593625
Consumer,79417,83
Producer,8285,45614666
Consumer,8186,0
Producer,75459,46314875
Consumer,48720,83
Consumer,9006,42
Producer,67797,46406875
Producer,12996,46376959
Consumer,82985,3973750
Producer,40049,46503500
Consumer,12041,83
Producer,49618,46659875
Consumer,90758,41
Producer,53046,46739375
Consumer,45539,83
Producer,97356,46882250
Consumer,92833,84
Producer,8002,46951334
Consumer,6795,83
Producer,64313,47310125
Consumer,2333,41
Consumer,24727,2774959
Producer,85121,47341625
Consumer,87884,42
Consumer,14626,83
Producer,73593,47364292
Consumer,50781,2871125
Producer,60258,47409416
Producer,60522,47408042
Consumer,94090,2976209
Producer,34974,47461333
Consumer,14080,2989125
Consumer,43439,42
Consumer,54739,2993750
Producer,38646,47531584
Consumer,28520,3043083
Producer,78445,47561125
Producer,15682,47592875
Producer,54863,47614959
Consumer,57416,3232292
Producer,38764,47684584
Consumer,84944,3243917
Consumer,19786,3233958
Consumer,16296,3230250
Producer,76022,47743084
Consumer,6490,83
Consumer,70998,41
Producer,3764,47780209
Consumer,12826,125
Producer,44685,47796417
Producer,96032,47793375
Consumer,53322,125
Consumer,49418,3416583
Producer,92429,47871417
Consumer,95517,83
Producer,55143,47864250
Consumer,60773,84
Producer,25507,47893375
Consumer,19794,83
Consumer,46534,83
Producer,9564,47998625
Producer,66857,48019666
Producer,89754,48068500
Consumer,86192,7938583
Producer,71893,48085584
Consumer,60315,3605500
Producer,51154,48174375
Producer,33711,48179083
Consumer,19029,3639750
Consumer,20051,3611167
Consumer,18664,3615959
Producer,68536,48271000
Consumer,57394,3687625
Producer,20745,48330625
Consumer,82708,3701042
Consumer,72356,3715417
Producer,67062,48429084
Consumer,63576,83
Producer,80769,48456416
Producer,45432,48459709
Consumer,66893,3860333
Producer,31106,48476375
Consumer,62248,3893917
Producer,5146,48504708
Producer,50613,48510959
Consumer,66603,208
Producer,4998,48549541
Producer,16753,48571042
Producer,9687,48589417
Consumer,45561,4002708
Producer,46041,48609417
Consumer,19137,3933500
Producer,39166,48668584
Producer,11375,48694959
Consumer,66165,6850917
Producer,65033,48711625
Consumer,22243,41
Consumer,41021,84
Producer,21006,48963792
Consumer,39583,83
Producer,50772,48937792
Producer,54753,48885458
Consumer,69522,41
Consumer,37093,42
Producer,23555,48955000
Producer,71156,48892417
Consumer,57382,10458959
Producer,7619,48939375
Consumer,45594,83
Producer,23480,49244542
Consumer,12341,84
Producer,71220,49258750
Consumer,63984,6906291
Producer,44509,49249000
Consumer,5083,83
Consumer,48489,4239666
Producer,12680,49252084
Producer,87743,49249166
Consumer,37920,4301500
Consumer,46504,4279583
Producer,40181,49262000
Producer,62551,49273292
Consumer,31372,4348250
Consumer,72621,4336875
Producer,19852,49327250
Producer,96331,49308583
Consumer,52296,4352833
Consumer,44144,4212041
Producer,16485,49369416
Producer,29754,49353542
Consumer,81641,3993875
Producer,84797,49393375
Consumer,84330,3371125
Producer,41453,49382792
Consumer,10798,83
Producer,26927,49431875
Consumer,42849,6821083
Producer,31638,49400708
Consumer,53608,8327833
Producer,7390,49398083
Consumer,3873,41
Producer,15450,49907125
Consumer,2654,83
Consumer,8637,125
Producer,65328,50645708
Producer,43076,50648875
Consumer,95389,7638833
Producer,65035,50702500
Consumer,78421,7679083
Producer,94230,50741250
Consumer,91913,42
Producer,29231,50767000
Consumer,38277,3705208
Producer,4105,50771834
Consumer,6146,42
Producer,34911,50806875
Consumer,22196,167
Producer,56384,51280875
Consumer,66985,8059292
Producer,39299,51327167
Consumer,30493,0
Producer,79176,51366000
Consumer,80897,41
Producer,51803,51423041
Consumer,26557,42
Producer,47175,51451500
Consumer,37704,42
Consumer,27910,42
Producer,74663,51500792
Producer,46844,51507625
Consumer,96315,8217375
Producer,59238,51524916
Consumer,45731,10849667
Producer,17619,51560208
Consumer,68365,42
Producer,57257,51723250
Consumer,41191,83
Producer,50848,51731375
Consumer,41781,0
Producer,72607,51795000
Consumer,73605,42
Consumer,19877,42
Producer,52090,51827583
Producer,70266,51816583
Consumer,47797,8521084
Consumer,25079,250
Consumer,48626,84
Producer,52023,51899417
Producer,76052,51881375
Consumer,95958,10608625
Producer,81586,51829583
Consumer,41179,84
Consumer,65223,3816959
Producer,60119,51836333
Producer,49130,51809167
Consumer,85077,10450417
Consumer,32297,3485041
Producer,7856,51812333
Producer,3044,51781334
Consumer,1047,0
Producer,64675,52258541
Consumer,17371,3943542
Consumer,31008,42
Consumer,761,42
Producer,12684,52299708
Producer,75445,52269000
Consumer,4695,42
Consumer,52010,4043833
Consumer,18171,41
Consumer,40534,4019417
Producer,64775,52259083
Consumer,6455,0
Producer,42448,52269959
Producer,17238,52248708
Consumer,92057,7180625
Producer,25891,52223125
Producer,63565,52284000
Consumer,36969,3888375
Consumer,84392,3865083
Producer,98151,52363500
Producer,29319,52335917
Consumer,71752,3906458
Consumer,53348,3886750
Producer,59335,52367250
Producer,47997,52329833
Consumer,70306,41
Consumer,36627,3891375
Producer,75996,52338167
Producer,21743,52293459
Consumer,58187,3938417
Producer,28731,52308792
Consumer,21517,3913166
Producer,40733,52304875
Consumer,44768,3901792
Producer,87675,52285792
Consumer,99263,3829083
Producer,16054,52325708
Consumer,30511,42
Producer,94007,52394708
Consumer,40438,42
Consumer,50872,0
Producer,4063,52403292
Producer,83617,52383792
Consumer,30545,0
Consumer,44578,3914667
Producer,35449,52436250
Consumer,42238,42
Producer,30680,52437709
Producer,8720,52453459
Consumer,39273,11633583
Consumer,29188,3907875
Producer,60955,52476750
Producer,4672,52479958
Consumer,40110,0
Producer,29092,52989958
Consumer,10983,83
Producer,74610,53025667
Consumer,11495,41
Consumer,57477,4225209
Producer,58168,53054333
Consumer,4141,42
Producer,57411,53072500
Consumer,25150,41
Consumer,15953,4193875
Consumer,28483,84
Producer,60750,53086500
Consumer,78314,4209708
Producer,78411,53094583
Consumer,87279,4288417
Producer,97110,53054416
Consumer,13081,4319667
Producer,495,53105458
Consumer,44850,4345041
Producer,38697,53130750
Consumer,87500,12520916
Producer,8984,53209708
Consumer,48346,4414958
Producer,79883,53262500
Consumer,62258,18337834
Producer,79415,53352792
Consumer,91442,4537583
Producer,98535,53408291
Consumer,84421,12767541
Producer,69555,53438042
Consumer,53316,42
Producer,71342,53474209
Consumer,71578,8762625
Producer,78650,53578917
Consumer,82045,12828083
Producer,1599,53605916
Consumer,48306,41
Producer,4457,53603084
Producer,58137,53642792
Consumer,27541,42
Producer,47321,53717375
Consumer,61682,42
Producer,72776,53763167
Consumer,51000,8608792
Producer,42378,53752708
Consumer,70676,42
Producer,42762,54133916
Consumer,48137,0
Producer,74301,54183875
Consumer,23398,8030042
Producer,24119,54185625
Consumer,43684,42
Consumer,41786,4477000
Producer,98686,54199084
Consumer,12203,42
Producer,33091,54189625
Consumer,63330,0
Consumer,52928,41
Producer,93404,54237042
Consumer,75773,4543708
Producer,42225,54240583
Producer,33308,54227958
Consumer,76902,4556083
Producer,32293,54224625
Consumer,33808,4375042
Producer,96304,54254583
Consumer,72221,8092750
Producer,53213,54271791
Consumer,74128,7869542
Producer,99906,54266458
Consumer,96972,7705167
Producer,38950,54276625
Consumer,45646,3801417
Producer,49357,54256500
Consumer,63920,7653541
Producer,90989,54259083
Consumer,67704,15062458
Producer,73795,54213416
Consumer,91676,7431167
Producer,90361,54242625
Consumer,36790,3528000
Producer,90676,54262083
Consumer,61785,15149333
Producer,62965,54262917
Consumer,91874,7444167
Producer,84031,54212708
Consumer,70196,3520792
Producer,20773,54254292
Producer,4639,54250208
Consumer,66346,7364416
Producer,41466,54208416
Consumer,13052,41
Producer,3712,54431833
Consumer,53317,42
Consumer,13665,42
Producer,60674,54470416
Consumer,50782,42
Producer,32394,54476167
Producer,8765,54471792
Consumer,28493,42
Producer,71778,54499125
Consumer,68689,41
Producer,73306,54593542
Consumer,75428,42
Producer,79004,54609708
Consumer,96857,17541250
Producer,49034,54613000
Consumer,21844,84
Producer,29450,54602083
Consumer,50158,2230708
Producer,10208,54589709
Consumer,5945,42
Producer,20551,54743583
Consumer,6544,42
Producer,11439,54853583
Consumer,17809,42
Consumer,19521,0
Producer,54946,57366250
Consumer,28980,83
Producer,68849,57366375
Consumer,47615,125
Consumer,24194,41
Producer,97795,57451583
Consumer,91313,41
Consumer,11758,125
Producer,65185,57526333
Consumer,12687,41
Consumer,33319,166
Producer,71212,57586208
Consumer,38717,166
Producer,52328,57615209
Consumer,79844,83
Producer,6939,57586167
Consumer,38003,125
Producer,29559,57663000
Producer,83171,57632041
Consumer,40245,41
Consumer,76592,9444333
Producer,63624,57648041
Consumer,58399,9384750
Producer,62585,57674542
Producer,89798,57666458
Consumer,82005,11665584
Producer,73314,57645208
Producer,15016,57647000
Consumer,99252,15139542
Consumer,1121,42
Producer,13139,57674167
Consumer,65864,6199583
Producer,3113,57717375
Producer,47491,57729292
Producer,97096,57723417
Consumer,98847,6197083
Producer,34738,57734083
Consumer,99744,4065917
Producer,58257,57801000
Producer,76341,57798792
Consumer,57861,6261125
Consumer,78207,14848250
Producer,31142,57813916
Producer,16192,57792917
Consumer,19377,42
Producer,76742,58033833
Consumer,81568,4087708
Consumer,8156,84
Producer,22047,58037709
Producer,23692,58033750
Consumer,51726,6555291
Producer,74465,58041458
Consumer,68921,4078750
Producer,34122,58026291
Consumer,4892,42
Producer,74978,58198500
Consumer,74485,1975417
Consumer,39286,83
Producer,52749,58178334
Producer,7941,58166625
Consumer,8446,83
Consumer,37667,1996167
Producer,35764,58147625
Producer,50246,58131416
Consumer,42367,84
Consumer,7891,2007125
Consumer,26640,2012209
Consumer,3330,42
Producer,41380,58139250
Consumer,60705,41
Producer,2963,58123417
Producer,3043,58116917
Producer,10339,58083083
Consumer,25465,2089375
Producer,16292,58112916
Producer,58110,58147083
Consumer,29907,2081500
Producer,13168,58172417
Consumer,56587,2064291
Producer,86719,58164834
Consumer,31204,2047791
Producer,6561,58138000
Consumer,52465,0
Producer,80204,58633666
Consumer,39210,2577583
Producer,88635,58625542
Consumer,80750,83
Consumer,41655,0
Producer,70635,58601833
Producer,10785,58600625
Consumer,86551,2510291
Producer,36202,58589500
Consumer,28510,42
Consumer,11680,42
Producer,50785,58645083
Producer,31400,58615833
Consumer,56559,2618459
Producer,49715,58699375
Consumer,45448,2644583
Producer,15966,58674417
Consumer,55475,42
Producer,36006,58888375
Consumer,26480,41
Producer,98990,58990750
Consumer,81136,2873000
Producer,25823,59011958
Consumer,192,0
Producer,72294,59044667
Consumer,90403,9869000
Producer,22853,59053792
Consumer,29075,42
Producer,17047,59048750
Consumer,36272,41
Producer,31274,59194417
Consumer,19438,41
Producer,56664,59275583
Consumer,74896,22120708
Producer,33653,59280208
Consumer,23507,0
Producer,32258,59352334
Consumer,12249,41
Producer,81410,59371875
Consumer,87786,7158917
Producer,61815,59381750
Consumer,80130,13836042
Producer,55165,59365958
Consumer,36782,0
Producer,36548,59499458
Consumer,60725,7126625
Producer,2152,59497000
Consumer,571,41
Producer,15585,59594458
Consumer,19482,41
Producer,69409,59612209
Consumer,51399,0
Producer,19646,59686583
Consumer,8659,0
Producer,66564,59661834
Consumer,53918,3243375
Producer,44367,59660333
Consumer,79723,42
Producer,98002,59634542
Consumer,53727,3265791
Producer,21327,59662750
Consumer,65282,5080000
Producer,58413,59653333
Consumer,205,83
Producer,39074,59637875
Consumer,82740,42
Producer,41170,59634083
Consumer,40526,5018167
Producer,94984,59611083
Consumer,56987,5022000
Producer,38644,59617291
Consumer,54164,2944917
Producer,11688,59613542
Consumer,28529,0
Producer,36065,59818292
Consumer,25990,3188542
Producer,7184,59826709
Consumer,30897,41
Producer,4496,59821334
Consumer,18925,84
Producer,26284,59936958
Consumer,15407,0
Producer,68084,59917708
Consumer,70471,0
Producer,1468,59963334
Consumer,6744,0
Producer,60356,60531292
Consumer,58351,84
Producer,24818,60555458
Consumer,3663,41
Producer,43608,60651458
Consumer,52149,41
Producer,48896,60678916
Consumer,38774,3409166
Consumer,4755,41
Producer,64484,60670750
Producer,45039,60654333
Consumer,41684,6096459
Consumer,60426,6078250
Producer,72915,60621416
Producer,92700,60586375
Consumer,77134,42
Consumer,61624,3267375
Consumer,48737,42
Producer,76385,60610500
Producer,45558,60618708
Producer,17956,60608333
Consumer,44084,3312917
Consumer,45120,3207250
Consumer,51101,3207000
Producer,69905,60640208
Producer,5848,60634708
Producer,11399,60610917
Consumer,63706,3228375
Producer,31286,60616292
Consumer,6438,0
Producer,58862,60897709
Consumer,91063,12492958
Producer,56618,60880500
Consumer,80395,6356792
Producer,12292,60865916
Consumer,4034,0
Producer,49642,61151291
Consumer,46577,3598459
Producer,58428,61143750
Consumer,35868,83
Consumer,5382,3548666
Producer,65124,61140417
Producer,25513,61111458
Consumer,78896,10789458
Producer,8495,61134583
Consumer,34020,42
Producer,51835,61203167
Consumer,60226,41
Producer,57891,61235125
Consumer,21564,42
Producer,15257,61245167
Consumer,43442,3637625
Producer,12341,61204667
Consumer,16947,0
Producer,46309,61361750
Consumer,32841,0
Producer,89982,61360500
Consumer,55158,42
Consumer,36814,3736084
Producer,81324,61404042
Producer,29622,61381458
Consumer,52732,10908917
Consumer,19017,3781792
Producer,8119,61403459
Producer,81242,61387750
Consumer,56718,3786625
Consumer,44738,3725667
Producer,51333,61387500
Producer,80813,61381667
Consumer,68048,7172000
Consumer,82463,7183500
Producer,31943,61399291
Producer,37135,61395334
Consumer,76440,3799291
Producer,92715,61401542
Consumer,73109,7011334
Producer,53612,61382208
Consumer,2048,41
Consumer,52584,11063792
Producer,93348,61356166
Consumer,33630,42
Producer,26587,61345208
Consumer,56762,3743375
Consumer,20979,42
Producer,63435,61329667
Consumer,77988,3712500
Consumer,1226,41
Producer,10060,61308041
Producer,33607,61286875
Consumer,44807,42
Producer,90541,61326625
Consumer,1422,42
Producer,3666,61288167
Consumer,47877,6661917
Consumer,16497,83
Consumer,49645,41
Producer,47057,61321709
Producer,17261,61311792
Producer,71812,61292209
Producer,33903,61265417
Consumer,91445,3564291
Consumer,56946,3511708
Producer,84512,61288792
Consumer,32587,3551375
Producer,75006,61294166
Consumer,86482,3551791
Producer,78360,61300833
Consumer,97001,6282042
Producer,92928,61267583
Consumer,89401,3474833
Producer,28196,61295000
Consumer,1517,41
Consumer,79151,0
Producer,11735,61429625
Producer,66164,61394709
Consumer,43272,42
Producer,5925,61413417
Consumer,9419,41
Producer,80071,61681500
Consumer,14248,3543208
Consumer,5711,83
Producer,65339,61688375
Consumer,37452,3566750
Consumer,73451,41
Producer,39088,61679958
Producer,49151,61647458
Consumer,15044,3583542
Consumer,99402,9380792
Producer,79439,61634875
Consumer,49410,42
Producer,12689,61626166
Consumer,65336,3553958
Producer,19666,61604833
Producer,32341,61582042
Consumer,18076,41
Producer,48712,61576083
Consumer,74245,41
Producer,35601,61604292
Consumer,18644,0
Producer,49394,61634709
Consumer,9036,42
Producer,94204,61620458
Consumer,43314,42
Consumer,95953,6414000
Producer,88420,61636167
Consumer,24655,83
Producer,27374,61609000
Consumer,82989,9296000
Consumer,32225,42
Producer,86323,61585833
Consumer,68848,3060000
Producer,82872,61570041
Producer,36621,61547458
Consumer,85450,3071042
Producer,29475,61543209
Consumer,55889,3034958
Producer,77428,61523250
Consumer,76186,6349917
Producer,75198,61542542
Consumer,67079,2945958
Producer,69142,61540292
Consumer,91006,2940334
Producer,70438,61529959
Consumer,39410,2941625
Producer,80513,61532166
Consumer,46866,2930042
Producer,96904,61516750
Consumer,96991,2925959
Producer,96910,61514625
Consumer,95685,2899458
Producer,9413,61511500
Consumer,82164,6405000
Producer,11291,61524667
Producer,36649,61567042
Consumer,47777,42
Producer,45451,61666709
Consumer,14581,42
Producer,52115,61710250
Consumer,50739,0
Producer,39507,61956000
Consumer,58219,3198833
Producer,61690,61954750
Consumer,24749,42
Producer,87162,61967959
Consumer,80104,3233625
Consumer,50116,83
Producer,78345,61931875
Consumer,30658,0
Producer,36594,61937125
Consumer,74991,3250459
Producer,47216,61925125
Producer,8352,61902000
Consumer,64834,3227125
Producer,69981,61909250
Consumer,79272,6614542
Producer,46557,61916458
Consumer,16131,41
Producer,51447,61906292
Consumer,28903,6392625
Producer,45152,61922834
Consumer,94710,6414041
Producer,43629,61924750
Consumer,33544,41
Producer,11702,61953125
Consumer,12546,0
Producer,4242,62114625
Consumer,16130,0
Producer,15026,62243792
Consumer,2640,41
Producer,73128,62447291
Consumer,81618,24701750
Producer,35249,62461291
Consumer,5270,83
Producer,28224,62430750
Consumer,48848,6128500
Producer,3937,62441750
Consumer,17006,0
Producer,33651,62576000
Consumer,33716,42
Producer,4033,62885584
Consumer,7108,0
Producer,78319,63026041
Consumer,34993,83
Producer,43144,63028750
Consumer,53024,6598209
Producer,11363,63019084
Consumer,3541,0
Producer,26211,63175292
Consumer,40358,0
Producer,68145,63292833
Consumer,43341,3425250
Consumer,29245,42
Producer,24161,63280041
Producer,438,63251917
Consumer,26898,42
Producer,61253,63268584
Consumer,51111,42
Producer,49814,63263084
Consumer,72526,6279958
Producer,55563,63269209
Consumer,34005,41
Producer,52665,63258666
Consumer,72019,23240750
Producer,32505,63237167
Consumer,26749,41
Producer,27473,63245666
Consumer,32842,41
Producer,61165,63336625
Consumer,67797,9534417
Producer,53998,63318167
Consumer,9339,41
Producer,16196,63383541
Consumer,25816,2796125
Producer,14338,63413125
Consumer,43714,0
Producer,55483,63485000
Consumer,47777,41
Producer,77075,63547875
Consumer,80299,9776292
Producer,95027,63537041
Consumer,82728,14332000
Producer,87954,63532917
Consumer,84628,14128584
Producer,9464,63527375
Consumer,25621,0
Producer,99076,63521416
Consumer,10858,41
Consumer,92977,33982250
Producer,49327,63532375
Consumer,2587,41
Producer,59086,63502167
Consumer,36531,2625709
Producer,37142,63483500
Consumer,68711,41
Producer,80252,63475792
Consumer,51825,42
Producer,34247,63475667
Consumer,22436,42
Consumer,49138,2644667
Producer,45900,63463083
Consumer,40750,2655834
Producer,92174,63452500
Consumer,72973,42
Producer,57593,63413833
Consumer,47686,2614500
Consumer,23745,41
Producer,37008,63404875
Consumer,59434,2597167
Producer,62131,63398167
Consumer,69047,0
Producer,44862,63397917
Consumer,36333,2610333
Producer,29619,63376500
Consumer,21880,2612083
Producer,34441,63394709
Consumer,39149,2619792
Consumer,2213,42
Producer,87984,63377542
Consumer,51293,2611875
Producer,84591,63403875
Consumer,31667,2638167
Producer,3474,63389459
Consumer,16553,2595708
Producer,16397,63355834
Consumer,84133,8741459
Producer,63041,63345792
Consumer,74006,2594875
Producer,62984,63332292
Consumer,69388,5261042
Producer,93434,63323583
Consumer,32973,2516417
Producer,13217,63289500
Producer,62021,63262916
Consumer,82676,5304750
Producer,43066,63256250
Consumer,91981,2495167
Producer,3486,63240834
Producer,28023,63241500
Consumer,56448,2441208
Producer,18108,63236500
Consumer,6408,41
Producer,87295,63297500
Consumer,78012,2448416
Producer,26446,63266833
Consumer,34335,42
Producer,1592,63231917
Consumer,2127,42
Producer,76686,64032667
Consumer,55432,6192125
Consumer,11434,42
Producer,57034,64035666
Consumer,13704,42
Producer,78038,64008542
Consumer,62853,3263166
Producer,50861,63992584
Consumer,37554,3249666
Producer,58736,63979583
Consumer,45516,3232500
Producer,6997,63966500
Consumer,95057,3251500
Producer,9294,63991166
Producer,49245,63987167
Consumer,76034,9742958
Producer,42428,63977833
Consumer,29463,42
Producer,33250,64104375
Consumer,2546,0
Producer,72194,64174000
Consumer,93854,3283208
Producer,44088,64139833
Consumer,50376,42
Producer,23802,64131042
Consumer,18130,41
Producer,81385,64322084
Consumer,93528,21245041
Producer,39575,64303667
Consumer,40334,41
Producer,17597,64314167
Consumer,19786,42
Producer,48641,64417084
Consumer,33868,42
Producer,74954,64438167
Consumer,51551,12889334
Producer,41202,64403459
Consumer,54795,3490750
Producer,2771,64419250
Consumer,14526,42
Producer,1091,64511208
Consumer,18467,83
Producer,87270,64495958
Consumer,52050,3511250
Consumer,31568,42
Producer,41645,64484208
Producer,11635,64464875
Consumer,46813,42
Producer,93680,64561750
Consumer,37185,42
Producer,33255,64568916
Consumer,60548,42
Producer,64995,64568209
Consumer,96340,16360542
Producer,19523,64557167
Consumer,24524,0
Producer,28081,64555167
Consumer,4771,0
Producer,2282,64568834
Consumer,12512,41
Producer,66512,64583916
Consumer,34174,3498791
Producer,76204,64590292
Consumer,36008,42
Consumer,86451,6252334
Producer,86312,64596833
Producer,87816,64583750
Consumer,81363,6063083
Consumer,98172,22348833
Producer,61881,64594584
Producer,82313,64588917
Consumer,98691,3416542
Producer,67998,64574291
Consumer,87469,3346708
Producer,95133,64545083
Consumer,79171,3299208
Producer,51075,64568667
Consumer,3838,0
Producer,77865,64751375
Consumer,68241,5713500
Producer,10930,64774416
Consumer,63601,5714084
Producer,24534,64757166
Consumer,12692,0
Producer,15696,64890750
Consumer,1791,0
Producer,38526,64890709
Consumer,12653,42
Consumer,88241,3335916
Producer,19349,64888333
Producer,34179,64862792
Consumer,21623,42
Producer,26174,64930125
Consumer,63659,42
Producer,64917,64927166
Consumer,69385,42
Producer,77209,64939208
Consumer,51121,3114250
Producer,84060,64928584
Consumer,21182,3118625
Consumer,43103,41
Producer,68374,64933250
Consumer,12847,42
Producer,80335,64916042
Consumer,40708,3146333
Consumer,414,0
Producer,42142,64897959
Consumer,90778,3153292
Producer,50596,64907000
Consumer,15799,3001584
Producer,23147,64893000
Consumer,98974,15880458
Producer,99928,64917208
Consumer,56056,5965667
Producer,79966,64901917
Consumer,94119,2784833
Producer,54873,64907583
Consumer,74904,6000625
Producer,31476,64901041
Consumer,56105,2710375
Producer,8977,64897334
Producer,17510,64903834
Consumer,58326,2709333
Producer,71676,64902375
Consumer,33204,41
Producer,69896,65075125
Consumer,22175,42
Consumer,43105,2861834
Producer,79651,65067000
Producer,10416,65053583
Consumer,51721,6058458
Consumer,59736,2878667
Producer,82419,65061208
Producer,40499,65060792
Consumer,97182,2923042
Producer,14242,65049666
Consumer,56316,42
Producer,31396,65030292
Consumer,35956,41
Producer,93354,65032834
Consumer,8163,42
Producer,54012,65024208
Consumer,99272,2812333
Producer,79967,65018250
Consumer,88046,41
Producer,12136,64998083
Consumer,10520,42
Producer,81031,64987375
Consumer,59900,2778292
Consumer,35554,41
Producer,10567,64978375
Producer,99579,64951208
Consumer,85023,6259792
Producer,7094,64960000
Consumer,22061,41
Producer,47140,65093791
Consumer,2645,42
Producer,54271,65100750
Consumer,83682,42
Producer,22002,65093500
Consumer,68286,2673083
Producer,30540,65055083
Consumer,15176,41
Producer,77256,65220667
Consumer,82319,6450000
Producer,20897,65202334
Consumer,391,41
Producer,78865,65203750
Consumer,75723,2820459
Producer,22744,65199917
Consumer,32599,0
Producer,74446,65334959
Consumer,66114,2979125
Producer,93846,65360542
Consumer,94171,6498209
Producer,41902,65338708
Consumer,48556,6489083
Producer,4822,65345125
Consumer,11548,0
Producer,68092,65533875
Consumer,89654,20585458
Producer,19900,65541875
Consumer,20173,0
Producer,70869,65614875
Consumer,53801,42
Producer,75990,65617666
Consumer,24148,42
Producer,43321,65595084
Consumer,91949,2770458
Producer,13402,65574541
Consumer,24996,42
Producer,81982,65582791
Consumer,79464,2715292
Producer,91847,65578250
Consumer,96620,8514459
Producer,97034,65572209
Consumer,85456,8488042
Producer,95118,65552125
Consumer,91097,2757250
Producer,72824,65521083
Consumer,74816,6100833
Producer,37773,65523375
Consumer,22770,5773334
Producer,2864,65504416
Consumer,32084,0
Producer,70384,65676083
Consumer,70969,18468791
Producer,11259,65652875
Consumer,14920,0
Producer,77678,65806750
Consumer,78059,8533833
Producer,59208,65806208
Consumer,37428,42
Producer,50022,65823042
Consumer,69497,5243042
Producer,33092,65816250
Consumer,22870,5123583
Producer,15038,65790458
Consumer,13652,42
Producer,2068,65824750
Consumer,2380,0
Producer,57100,66073375
Consumer,20158,41
Producer,96057,66092083
Consumer,61592,5431417
Producer,50550,66111292
Consumer,86816,5448709
Producer,87537,66076292
Consumer,57293,42
Producer,42760,66057542
Consumer,79058,41
Producer,6144,66064750
Consumer,28790,42
Producer,58692,66053958
Consumer,28468,42
Producer,87547,66122792
Consumer,97777,14761250
Producer,55150,66117375
Consumer,57627,42
Producer,66405,66094000
Consumer,84065,42
Producer,34132,66082541
Consumer,54626,84
Producer,96901,66025708
Consumer,35182,2439000
Consumer,59923,41
Producer,66921,65998917
Producer,98037,65977584
Consumer,41714,42
Consumer,97615,8859459
Consumer,10619,0
Producer,78123,65996042
Producer,19612,65951542
Producer,68797,65939125
Consumer,85260,0
Consumer,80093,14816000
Consumer,18340,42
Producer,48907,65933917
Producer,4906,65897208
Producer,88236,65863792
Consumer,45770,5261458
Consumer,53300,2224083
Producer,79406,65850708
Consumer,20296,42
Producer,35617,65830625
Consumer,28516,2037083
Producer,48641,65799792
Consumer,96637,10606333
Producer,71138,65797750
Consumer,56150,2056792
Producer,4856,65766959
Consumer,33646,2058459
Producer,61813,65773833
Consumer,59441,2052917
Producer,42478,65752000
Producer,39534,65744666
Consumer,76899,4840500
Producer,5474,65721166
Consumer,25982,0
Producer,17625,65768167
Consumer,24706,41
Producer,23127,65896583
Consumer,41055,2030792
Producer,98678,65896375
Consumer,26851,42
Consumer,40076,2044084
Producer,91668,65902542
Consumer,94942,42
Producer,86663,65839792
Consumer,59214,2040458
Consumer,22860,83
Producer,35683,65818750
Consumer,29281,42
Producer,76048,65808875
Consumer,78193,2078708
Producer,30929,65804500
Producer,84255,65807042
Consumer,82977,7229333
Consumer,78219,2060875
Producer,273,65824167
Producer,54754,65809667
Consumer,2167,0
Producer,6394,65900750
Consumer,37144,2157917
Producer,98592,65733209
Consumer,90484,4456583
Producer,14115,65746084
Consumer,19973,42
Producer,77351,65810667
Consumer,47141,42
Consumer,54582,14043875
Producer,40077,65809417
Producer,99428,65788084
Consumer,64726,2042958
Consumer,41654,1986042
Producer,91709,65776750
Producer,48084,65760625
Consumer,31011,2017334
Consumer,84379,1996417
Producer,60703,65752750
Producer,28212,65731917
Consumer,83620,1996667
Producer,17963,65700625
Consumer,43303,0
Producer,83369,65784542
Consumer,96073,4582250
Producer,58918,65777125
Consumer,69411,16600459
Producer,19680,65754458
Consumer,1317,41
Producer,13935,65809917
Consumer,41949,2027166
Producer,46912,65780167
Consumer,40477,0
Producer,31325,65833750
Consumer,35640,0
Producer,55413,66081250
Consumer,35963,0
Producer,43363,66231459
Consumer,57624,4877166
Producer,33663,66225792
Consumer,19443,42
Producer,26082,66304458
Consumer,14460,0
Producer,39236,66305333
Consumer,8564,42
Consumer,49748,4693916
Producer,47767,66264083
Producer,31156,66253083
Consumer,95308,2445792
Producer,82899,66250625
Consumer,17041,0
Producer,1989,66276459
Consumer,15675,42
Producer,53044,66291417
Consumer,97806,12899292
Producer,7110,66258541
Consumer,15912,42
Producer,6735,66463625
Consumer,6185,42
Producer,40119,66505750
Consumer,4203,42
Producer,12592,66707292
Consumer,15864,41
Consumer,15984,0
Producer,6473,66779250
Producer,67432,66764833
Consumer,26448,42
Consumer,55312,2975625
Producer,81424,66742083
Producer,274,66725291
Consumer,12116,83
Consumer,53451,2956667
Producer,28020,66687083
Consumer,30617,42
Producer,28253,66657417
Consumer,26383,2901833
Producer,91283,66639917
Consumer,8514,84
Consumer,52488,4899166
Consumer,689,42
Producer,18523,66637041
Producer,65973,66613125
Consumer,66463,4760125
Producer,79585,66562166
Consumer,38076,2569750
Producer,83073,66537333
Consumer,63210,2571541
Consumer,86359,41
Producer,97198,66526375
Producer,30143,66510750
Consumer,86223,6930500
Consumer,12875,41
Consumer,72264,42
Producer,51221,66498750
Producer,28101,66480792
Producer,61247,66442750
Consumer,49808,42
Consumer,58891,2605958
Producer,55145,66450042
Producer,32062,66408750
Consumer,99731,50444834
Consumer,3536,42
Producer,23059,66427750
Producer,52622,66409583
Consumer,30735,2278542
Producer,31985,66390458
Consumer,54268,2290958
Producer,36426,66383792
Consumer,74708,2316709
Producer,23050,66409167
Consumer,16041,0
Producer,4737,66566375
Consumer,7446,0
Producer,62628,66630416
Consumer,15156,42
Producer,23518,66619667
Consumer,32797,42
Producer,95371,66613625
Consumer,63663,2522791
Consumer,20328,83
Producer,50560,66587125
Producer,81691,66570333
Consumer,27457,0
Consumer,80276,9775959
Consumer,68590,2268000
Producer,1791,66569583
Producer,73379,66533625
Producer,83916,66498791
Consumer,33675,2157333
Consumer,79215,6930333
Producer,82691,66548417
Consumer,64879,2193833
Producer,15441,66512292
Consumer,76106,2210167
Producer,41036,66504542
Consumer,13721,0
Producer,87252,66686583
Consumer,46755,4739584
Consumer,37563,41
Producer,78586,66664291
Consumer,22336,42
Producer,39566,66629000
Consumer,98541,6843458
Producer,6588,66602083
Consumer,28870,83
Producer,53922,66595625
Producer,55101,66563417
Consumer,79912,41
Consumer,19270,2018250
Producer,10324,66585250
Producer,23905,66570416
Consumer,12522,42
Producer,99506,66780958
Consumer,71410,2238292
Consumer,64808,84
Producer,10858,66778916
Producer,26180,66748375
Consumer,46442,2191667
Producer,55278,66758333
Consumer,9879,83
Producer,97729,66741958
Consumer,75925,2169416
Producer,50967,66711666
Consumer,69513,42
Producer,92638,66701541
Consumer,60422,4990125
Consumer,73886,83
Producer,94858,66672667
Consumer,67379,0
Producer,27567,66662917
Producer,64615,66622042
Consumer,91440,2158250
Producer,69382,66600125
Consumer,73679,2094291
Producer,84139,66588833
Consumer,99689,5011000
Producer,66705,66603166
Consumer,89550,6838000
Producer,95062,66571541
Consumer,80798,6790292
Producer,48059,64842917
Consumer,6164,42
Producer,17932,64925792
Consumer,63644,4584875
Producer,64384,64909041
Consumer,35606,42
Producer,54630,64924250
Consumer,75379,2345750
Producer,51468,64922167
Consumer,29106,4583333
Producer,57387,64909291
Consumer,49483,2320459
Producer,82251,64888917
Consumer,88183,9191042
Producer,5784,64881709
Consumer,13676,0
Producer,44572,64949583
Consumer,10370,42
Consumer,60493,0
Producer,85835,64956375
Producer,61900,64925042
Consumer,87477,2257666
Consumer,54760,2261833
Producer,31421,64952458
Producer,13132,64925792
Consumer,24523,0
Producer,53104,64921166
Consumer,52462,2276208
Consumer,18617,41
Producer,63378,64911166
Producer,60198,64888625
Consumer,58379,2282417
Consumer,18664,2260541
Producer,96686,64879334
Consumer,43332,41
Producer,54430,64863500
Consumer,94140,4820667
Producer,20248,64846500
Consumer,72054,41
Producer,95997,64832375
Consumer,70329,2184625
Producer,59184,64817042
Consumer,80699,4276500
Producer,81229,64811750
Consumer,71659,8975750
Producer,73663,64808542
Consumer,68336,42
Producer,24571,64789625
Producer,42820,64777959
Consumer,92849,1816792
Producer,62691,64779000
Consumer,77984,3803959
Producer,80448,64767584
Consumer,69832,10922042
Producer,34957,64744750
Consumer,47208,0
Producer,78397,64770875
Consumer,5062,42
Producer,89567,64776291
Consumer,45122,1653625
Producer,38303,64767625
Consumer,59852,3892708
Producer,98419,64750084
Consumer,97665,1695500
Producer,19048,64757458
Consumer,64232,3904250
Producer,74469,64751250
Consumer,83007,3854292
Producer,35054,64751292
Consumer,21930,41
Producer,93497,64769958
Consumer,90467,6731208
Producer,23205,64754250
Consumer,39193,42
Producer,56646,64728750
Consumer,95847,1443666
Producer,8215,64711667
Consumer,8783,0
Producer,52130,64686333
Consumer,35899,0
Producer,37419,64865708
Consumer,59379,0
Producer,3404,64975291
Consumer,4818,0
Producer,96203,65067167
Consumer,91341,1654834
Producer,28925,64896292
Consumer,8447,0
Producer,19952,64961917
Consumer,20795,42
Producer,95251,64995000
Consumer,84133,6302125
Producer,73147,64990958
Consumer,77361,1630167
Producer,63258,64983667
Consumer,76045,3904625
Producer,2055,64976542
Consumer,285,0
Producer,7282,65253959
Consumer,5694,42
Producer,85523,65425417
Consumer,65465,17634250
Producer,12251,65419000
Consumer,36022,42
Producer,5382,65479791
Consumer,10644,41
Producer,15459,65523167
Consumer,3890,0
Producer,50746,65573083
Consumer,64824,2214583
Producer,81553,65562167
Consumer,78856,42
Producer,21225,65554000
Consumer,32495,42
Producer,63202,65617709
Consumer,811,42
Producer,35348,65604625
Consumer,94900,3880209
Producer,70429,65586792
Consumer,26900,83
Producer,10096,65571208
Consumer,41163,42
Producer,21003,65562458
Consumer,19798,42
Producer,3538,65559000
Consumer,1909,0
Producer,77818,65623583
Consumer,81401,9850375
Producer,98596,65633667
Consumer,91442,3486083
Producer,59854,65632959
Consumer,80776,42
Producer,15699,65678542
Consumer,3516,42
Producer,86842,65866250
Consumer,45885,0
Producer,34656,65861708
Consumer,63169,3562417
Consumer,26698,42
Producer,37801,65869166
Producer,60769,65784541
Consumer,35150,2066084
Consumer,37910,41
Consumer,18309,2047500
Producer,56654,65801708
Producer,11872,65765000
Consumer,13880,42
Producer,68250,65741250
Consumer,61609,2067833
Consumer,41239,84
Producer,26480,65749667
Producer,2584,65669625
Producer,89056,65656500
Consumer,73159,6019250
Consumer,42394,2018750
Producer,98468,65680000
Producer,47067,65658041
Consumer,97202,1998375
Consumer,78738,1937583
Producer,38189,65657667
Producer,12022,65643958
Consumer,37875,1969000
Producer,77225,65648250
Consumer,71511,1895875
Producer,19340,65637000
Consumer,33412,1898792
Producer,86150,65643958
Consumer,21506,1904042
Producer,91255,65627125
Consumer,70823,1896458
Consumer,77220,41
Producer,31644,65621209
Consumer,17721,41
Producer,44876,65602500
Producer,38855,65608584
Consumer,28947,1927542
Consumer,27863,1905292
Producer,1291,65611000
Producer,5049,65551708
Consumer,47129,1868208
Producer,38663,65550958
Consumer,32396,0
Producer,64076,65713958
Consumer,67826,2014250
Producer,45474,65710208
Consumer,55318,2001125
Producer,29972,65696458
Consumer,8892,42
Producer,42607,65684333
Consumer,12871,41
Producer,6304,65690209
Consumer,56161,42
Producer,73215,65673292
Consumer,25512,0
Producer,23474,65739167
Consumer,63178,4132375
Producer,96131,65715542
Consumer,33911,2019666
Producer,30139,65696875
Consumer,68745,42
Producer,45967,65700125
Consumer,74567,4159208
Producer,95538,65672709
Consumer,78343,2044250
Producer,45475,65681833
Consumer,55865,2037166
Producer,88524,65651666
Consumer,99298,84
Producer,22820,65638250
Consumer,17270,42
Producer,55532,65698250
Consumer,10912,41
Producer,18311,65609541
Consumer,59256,2104958
Producer,75676,65594875
Consumer,44160,2103084
Producer,76965,65582875
Consumer,90259,2109208
Producer,86616,65565791
Consumer,14303,41
Consumer,78692,10752584
Producer,50960,65526667
Producer,42256,65481500
Consumer,68458,42
Producer,60233,65475000
Consumer,83547,10067708
Consumer,3273,0
Producer,33430,65481500
Producer,31733,65471333
Consumer,75743,4030084
Producer,8601,65521750
Consumer,16201,0
Producer,4491,65671209
Consumer,1832,0
Producer,14545,65920542
Consumer,6140,0
Producer,15853,66229083
Consumer,16706,42
Producer,10766,66328208
Consumer,12895,0
Producer,85886,66318542
Consumer,79899,83
Producer,27863,66297000
Consumer,25425,2895458
Producer,74893,66274875
Consumer,34211,2882833
Producer,53710,66256458
Consumer,91527,42
Producer,80761,66195833
Consumer,96172,2878583
Producer,64555,66166292
Consumer,57487,2869000
Producer,66840,66156416
Consumer,72639,83
Producer,26069,66171833
Consumer,36380,42
Producer,10531,66326000
Consumer,9018,0
Producer,85067,66667500
Consumer,54130,5356833
Producer,51652,66672500
Consumer,59565,5319458
Producer,51843,66669542
Consumer,7874,42
Producer,6864,66651291
Consumer,70486,0
Producer,39384,66813958
Consumer,40631,42
Producer,31571,66833208
Consumer,9110,41
Producer,15671,66979250
Consumer,31113,41
Producer,28264,66966708
Consumer,31932,0
Producer,32949,66950250
Consumer,8600,42
Producer,65471,66949625
Consumer,71503,5112417
Producer,477,66975375
Consumer,10251,0
Producer,24428,67051375
Consumer,37065,0
Producer,49502,67083250
Consumer,44401,3196958
Producer,92177,67089416
Consumer,62795,5245750
Producer,18915,67083250
Consumer,53961,0
Producer,75760,67117792
Consumer,76690,41
Producer,42616,67110750
Consumer,6916,42
Producer,98941,67125542
Consumer,38728,3225250
Producer,3342,67122583
Consumer,3071,42
Consumer,76031,3240417
Producer,31972,67131125
Producer,98777,67102041
Consumer,91340,15755750
Producer,88180,67097542
Consumer,9667,125
Consumer,62980,3264458
Consumer,12716,83
Producer,43005,67125833
Consumer,43186,0
Producer,35921,67116416
Producer,56638,67105333
Consumer,88189,9178167
Producer,28065,67097000
Consumer,88717,11176833
Producer,21624,67122416
Producer,46659,67096666
Consumer,57886,5352875
Producer,39414,67089917
Consumer,55516,3180542
Consumer,610,42
Producer,20751,67072375
Producer,13789,67046250
Consumer,11555,41
Producer,69147,67035542
Consumer,35207,42
Consumer,55901,3168500
Producer,20368,67019958
Producer,85731,67017041
Consumer,6720,42
Consumer,48384,42
Consumer,19014,3204583
Producer,44342,67055916
Producer,57132,67035625
Consumer,84852,3224333
Consumer,12907,3205334
Producer,35273,67003042
Producer,1370,66997084
Consumer,52938,3248375
Producer,80428,66998709
Consumer,58002,3242916
Producer,77640,66985541
Consumer,92081,3248708
Producer,13848,66964333
Consumer,16487,42
Producer,20472,66950833
Consumer,30834,0
Producer,38156,66959000
Consumer,18658,42
Producer,75397,66979584
Consumer,34851,3305584
Consumer,60053,42
Producer,84156,66983333
Producer,25640,66960500
Consumer,62098,5823041
Consumer,63276,42
Producer,55454,66947125
Producer,17193,66927459
Consumer,5985,41
Consumer,31510,3305292
Consumer,23877,83
Producer,68584,66933459
Producer,20404,66911416
Consumer,69158,42
Producer,22759,66906125
Producer,32582,66910042
Consumer,84518,3354541
Producer,96861,66916125
Consumer,34410,3341292
Producer,71801,66896792
Consumer,61595,3339375
Producer,23963,66899625
Consumer,74777,3345625
Producer,81130,66885791
Consumer,74094,3351625
Producer,68164,66875250
Consumer,76141,3344625
Producer,19296,66864625
Consumer,7660,42
Producer,52577,66884000
Consumer,46132,3368416
Producer,30808,66866125
Consumer,60870,42
Producer,9089,66853916
Consumer,20313,41
Producer,70950,66894625
Consumer,37898,3408041
Producer,33509,66885583
Consumer,52649,42
Producer,71750,66906541
Consumer,74588,6292166
Producer,97681,66908709
Consumer,54917,3418084
Producer,19919,66890125
Consumer,36175,6273791
Producer,52107,66879417
Consumer,45338,3410709
Producer,30376,66887833
Consumer,72536,0
Producer,28077,67022000
Consumer,19309,42
Producer,25825,67024708
Producer,41876,100700584
Consumer,64350,37055000
Producer,18076,100698125
Producer,10377,103608375
Consumer,16141,40024750
Producer,57558,103589417
Consumer,29393,40019208
Producer,97569,103579000
Consumer,98805,40017208
Producer,8556,103591166
Producer,35970,104892000
Producer,86764,104874791
Consumer,68868,41397125
Consumer,79238,41387375
Producer,89834,104871875
Producer,54561,104853709
Consumer,53924,41468833
Consumer,28739,41451042
Producer,76086,104916084
Producer,7975,104800791
Consumer,84578,41483792
Consumer,34704,41464208
Producer,12850,104795125
Producer,60249,104777459
Consumer,78241,41473541
Producer,62551,104773834
Consumer,43497,41401541
Producer,17095,104766333
Consumer,70721,41406375
Producer,96616,104651041
Consumer,75846,48326125
Producer,48887,104637916
Consumer,76366,41415292
Producer,39183,104625875
Producer,13164,104860708
Producer,7234,104856041
Producer,70056,104845625
Producer,32747,104831042
Consumer,87704,47032333
Producer,51719,137480625
Consumer,47144,41949000
Producer,74078,137448334
Consumer,77162,47028334
Consumer,91322,41961291
Producer,89354,130562625
Producer,78002,130194291
Consumer,96487,49001584
Producer,42867,104946167
Consumer,91991,45028917
Producer,68597,104910500
Producer,67618,104811084
Consumer,51560,47016500
Consumer,94421,48973584
Producer,56097,104524000
Consumer,64797,41804750
Producer,64325,104372375
Consumer,53103,41796959
Producer,69824,139528708
Producer,87373,139129792
Consumer,67908,41801916
Consumer,47506,41745291
Producer,94584,130960500
Consumer,82982,46841042
Producer,70038,127517625
Consumer,95133,66068417
Producer,87911,124663000
Consumer,83022,41693000
Producer,92973,121079542
Consumer,89406,44949125
Producer,66169,118914750
Consumer,66689,44849791
Producer,68375,118937875
Consumer,78512,44820750
Producer,75628,117980667
Consumer,80344,46859541
Producer,94987,108273000
Consumer,64236,44687292
Producer,61319,106695042
Consumer,70586,41521875
Producer,88410,106697667
Consumer,88493,44700208
Producer,94069,139390209
Consumer,80082,44727458
Producer,90778,127597291
Consumer,74873,41513875
Consumer,67877,104836208
